[{"model": "admin.logentry", "pk": 1, "fields": {"action_time": "2026-02-19T19:12:13.750Z", "user": 2, "content_type": 11, "object_id": "1", "object_repr": "app maker - dimas corps", "action_flag": 1, "change_message": "[{\"added\": {}}]"}}, {"model": "admin.logentry", "pk": 2, "fields": {"action_time": "2026-02-23T16:23:14.886Z", "user": 2, "content_type": 15, "object_id": "5", "object_repr": "Evaluasi UTS - Mahasiswa: darren@gmail.com | SPV: sigit", "action_flag": 2, "change_message": "[{\"changed\": {\"fields\": [\"Is filled\"]}}]"}}, {"model": "admin.logentry", "pk": 3, "fields": {"action_time": "2026-02-25T17:33:17.943Z", "user": 2, "content_type": 8, "object_id": "4", "object_repr": "sigit@gmail.com", "action_flag": 2, "change_message": "[{\"changed\": {\"fields\": [\"Password\"]}}]"}}, {"model": "admin.logentry", "pk": 4, "fields": {"action_time": "2026-02-25T17:33:24.542Z", "user": 2, "content_type": 8, "object_id": "4", "object_repr": "sigit@gmail.com", "action_flag": 2, "change_message": "[]"}}, {"model": "admin.logentry", "pk": 5, "fields": {"action_time": "2026-03-03T17:18:02.510Z", "user": 2, "content_type": 8, "object_id": "4", "object_repr": "sigit@gmail.com", "action_flag": 3, "change_message": ""}}, {"model": "sessions.session", "pk": "bzpfonix0tsolux21n5f6tmfjicriuq3", "fields": {"session_data": ".eJxVjDEOgzAMAP_iuYqSGBzE2L1viBzbFNoKJAJT1b9XSAztene6N2TetzHv1dY8KfQQ4fLLCsvT5kPog-f74mSZt3Uq7kjcaau7LWqv69n-DUauI_TAlMoQQ2dCim3QxpCbhMk0mPgOB0aMntkP2EpJhMKk5EuUEKljgc8X8lw4QQ:1vt8Xw:Q17TDAjXzN-YhDzOt5RXWiZ8tBuS6v5Nu1my-24sS5g", "expire_date": "2026-03-05T18:14:40.943Z"}}, {"model": "authtoken.token", "pk": "1777d9981ec736e1a5bccfb8b0ff71dc8248f3c6", "fields": {"user": 7, "created": "2026-03-04T18:11:56.681Z"}}, {"model": "authtoken.token", "pk": "4175fc55dc7f565b75fde2d25e8bde326e9abdd3", "fields": {"user": 5, "created": "2026-02-25T17:45:56.537Z"}}, {"model": "authtoken.token", "pk": "4f76e6d849287bb0c9b5dac2012b552f517d3918", "fields": {"user": 1, "created": "2026-02-19T16:39:29.926Z"}}, {"model": "authtoken.token", "pk": "5bba02b26b06a2c68c4854a80a53a8ec3e33639b", "fields": {"user": 3, "created": "2026-02-23T15:54:26.284Z"}}, {"model": "authtoken.token", "pk": "7959a294a22b7a3d68fa41de4d002b85d395a1f3", "fields": {"user": 8, "created": "2026-03-03T18:02:12.043Z"}}, {"model": "authtoken.token", "pk": "d0940e73815b2aeabf5ac6588becc5d48569573c", "fields": {"user": 10, "created": "2026-03-05T19:20:02.006Z"}}, {"model": "authtoken.token", "pk": "d5e3fe277a6221322cf77eb66994e853340a5b80", "fields": {"user": 6, "created": "2026-02-28T17:44:26.996Z"}}, {"model": "authtoken.token", "pk": "febb6a547cf17ef0ca26a0aaee2c31478db44b3f", "fields": {"user": 2, "created": "2026-02-20T19:39:56.626Z"}}, {"model": "core_app.user", "pk": 1, "fields": {"password": "pbkdf2_sha256$1200000$ewUAifFQYdlvWT40E5IrCY$plNHkokjRIk+mOK2DZjEBkLs9wKpNFwAPbW913yi8LU=", "last_login": null, "is_superuser": false, "username": "kevin@gmail.com", "first_name": "kevin", "last_name": "ivanu", "email": "kevin@gmail.com", "is_staff": false, "is_active": true, "date_joined": "2026-02-19T16:39:13.989Z", "nim": "23502210010", "program_studi": "software engineering", "angkatan": "2022", "gender": "L", "phone_number": "082302363010", "bukti_konsul_file": "dokumen_registrasi/WhatsApp_Image_2026-01-22_at_16.15.36.jpeg", "sptjm_file": "dokumen_registrasi/20251_UTS_Web_App_Development.pdf", "cv_file": "dokumen_profil/draft_sempro.pdf", "portofolio_file": "", "is_mahasiswa": true, "groups": [], "user_permissions": []}}, {"model": "core_app.user", "pk": 2, "fields": {"password": "pbkdf2_sha256$1200000$mPdCuuXtSM4QymFpgLMt7r$L4dY92rt67ntb/vcT6vjZ82LbvPa0PnE6ipGwH0ZhjI=", "last_login": "2026-02-19T18:14:40.941Z", "is_superuser": true, "username": "coop", "first_name": "", "last_name": "", "email": "coop@gmail.com", "is_staff": true, "is_active": true, "date_joined": "2026-02-19T18:14:27.904Z", "nim": null, "program_studi": null, "angkatan": null, "gender": null, "phone_number": null, "bukti_konsul_file": "", "sptjm_file": "", "cv_file": "", "portofolio_file": "", "is_mahasiswa": true, "groups": [], "user_permissions": []}}, {"model": "core_app.user", "pk": 3, "fields": {"password": "pbkdf2_sha256$1200000$FJH19jCsxI82Q9Vc0XP0dE$Cz04Gb8b7CWctw5pJ3OxqVr8NM+qpq7/P2uAVDRzHjI=", "last_login": null, "is_superuser": false, "username": "darren@gmail.com", "first_name": "darren", "last_name": "melvern", "email": "darren@gmail.com", "is_staff": false, "is_active": true, "date_joined": "2026-02-23T15:54:15.426Z", "nim": "23502210004", "program_studi": "software engineering", "angkatan": "2022", "gender": "L", "phone_number": "0812345678911", "bukti_konsul_file": "dokumen_registrasi/Atom_Pro63_MK912_User_Manual_240425.pdf", "sptjm_file": "dokumen_registrasi/Atom_Pro63_MK912_User_Manual_240425_1Wkez1G.pdf", "cv_file": "", "portofolio_file": "", "is_mahasiswa": true, "groups": [], "user_permissions": []}}, {"model": "core_app.user", "pk": 5, "fields": {"password": "pbkdf2_sha256$1200000$YAihVmo72cepAfH931Uete$w9tnasSdDLD+p3byfRUpJaSWpPFbQ851p/DFKvBfdQ0=", "last_login": null, "is_superuser": false, "username": "aziz@gmail.com", "first_name": "aziz", "last_name": "rahmad", "email": "aziz@gmail.com", "is_staff": false, "is_active": true, "date_joined": "2026-02-25T17:35:47.175Z", "nim": "23502210001", "program_studi": "software engineering", "angkatan": "2022", "gender": "L", "phone_number": "0823122848493478", "bukti_konsul_file": "", "sptjm_file": "", "cv_file": "", "portofolio_file": "", "is_mahasiswa": true, "groups": [], "user_permissions": []}}, {"model": "core_app.user", "pk": 6, "fields": {"password": "pbkdf2_sha256$1200000$XiT3t84oFeGc1f2Wfva8Ai$rz9Bxm18E4kufYBiwLI5HbkR2+L6km5kgk5M1p45JeY=", "last_login": null, "is_superuser": false, "username": "dimas@gmail.com", "first_name": "dimas", "last_name": "aji", "email": "dimas@gmail.com", "is_staff": false, "is_active": true, "date_joined": "2026-02-28T17:26:52.013Z", "nim": "23502210006", "program_studi": "S1 Digital Business Technology", "angkatan": "2022", "gender": "L", "phone_number": "08231526347489", "bukti_konsul_file": "", "sptjm_file": "", "cv_file": "", "portofolio_file": "", "is_mahasiswa": true, "groups": [], "user_permissions": []}}, {"model": "core_app.user", "pk": 7, "fields": {"password": "pbkdf2_sha256$1200000$oj1ySwN2EZva0nUqJivhu1$d31hlSHRN+Mv672k/qqXou3zELM9i8OlGmANnx99PiA=", "last_login": null, "is_superuser": false, "username": "sigit@gmail.com", "first_name": "sigit", "last_name": "prayogo", "email": "sigit@gmail.com", "is_staff": false, "is_active": true, "date_joined": "2026-03-03T17:18:57.588Z", "nim": "23502210016", "program_studi": "S1 Digital Business Technology", "angkatan": "2022", "gender": "L", "phone_number": "082302484236367", "bukti_konsul_file": "dokumen_registrasi/20251_UTS_Web_App_Development_sacadzA.pdf", "sptjm_file": "dokumen_registrasi/20251_UTS_Web_App_Development_WFztAHm.pdf", "cv_file": "dokumen_profil/20251_UTS_Web_App_Development.pdf", "portofolio_file": "", "is_mahasiswa": true, "groups": [], "user_permissions": []}}, {"model": "core_app.user", "pk": 8, "fields": {"password": "pbkdf2_sha256$1200000$gy4fM2vFGkZw21NCcAzmDq$RX8qqQy5zc1SJkmmHDR9iSJT3CWlsrT7dIBHAhy2Tx0=", "last_login": null, "is_superuser": false, "username": "ucup@gmail.com", "first_name": "yusuf", "last_name": "dwi", "email": "ucup@gmail.com", "is_staff": false, "is_active": true, "date_joined": "2026-03-03T17:29:53.713Z", "nim": "23502210019", "program_studi": "S1 Digital Business Technology", "angkatan": "2022", "gender": "L", "phone_number": "0812346578999", "bukti_konsul_file": "", "sptjm_file": "", "cv_file": "", "portofolio_file": "", "is_mahasiswa": true, "groups": [], "user_permissions": []}}, {"model": "core_app.user", "pk": 9, "fields": {"password": "pbkdf2_sha256$1200000$wMM02OTQLIKyUH3yIsIF3P$lRjp2JJTgYddX5qlMwzIogRMWDAyDz2Ncs9kDzGANSg=", "last_login": null, "is_superuser": false, "username": "derrick@gmail.com", "first_name": "derrick", "last_name": "tantrum", "email": "derrick@gmail.com", "is_staff": false, "is_active": false, "date_joined": "2026-03-03T17:45:10.410Z", "nim": "23502210005", "program_studi": "S1 Digital Business Technology", "angkatan": "2022", "gender": "L", "phone_number": "0812345678888", "bukti_konsul_file": "", "sptjm_file": "", "cv_file": "", "portofolio_file": "", "is_mahasiswa": true, "groups": [], "user_permissions": []}}, {"model": "core_app.user", "pk": 10, "fields": {"password": "pbkdf2_sha256$1200000$TD760EnDeuFmxpy8K4dLsY$WOuPcn2IzOmoiAcffn2bE8MPXcK3nz1NKBy/miTddto=", "last_login": null, "is_superuser": false, "username": "nelson@gmail.com", "first_name": "nelson", "last_name": "matthew", "email": "nelson@gmail.com", "is_staff": false, "is_active": true, "date_joined": "2026-03-05T19:19:01.292Z", "nim": "23502210012", "program_studi": "S1 Digital Business Technology", "angkatan": "2022", "gender": "L", "phone_number": "08123324294298", "bukti_konsul_file": "", "sptjm_file": "", "cv_file": "dokumen_profil/20251_UTS_Web_App_Development_WRcZCr4.pdf", "portofolio_file": "dokumen_profil/20242_UAS_Machine_Learning_1.pdf", "is_mahasiswa": true, "groups": [], "user_permissions": []}}, {"model": "core_app.vacancy", "pk": 1, "fields": {"title": "app maker", "company_name": "dimas corps", "description": "dimas butuh tenaga ahli bukan AI", "requirements": "semester 7 from SOFTWARE ENGINEERING", "is_active": true, "created_at": "2026-02-19T19:12:13.745Z"}}, {"model": "core_app.vacancy", "pk": 2, "fields": {"title": "ui/ux designer", "company_name": "PT. TELKOM", "description": "MENDESIGN UI YANG BARU", "requirements": "FLUTTER", "is_active": true, "created_at": "2026-02-20T20:37:11.749Z"}}, {"model": "core_app.vacancy", "pk": 3, "fields": {"title": "ui/ux designer", "company_name": "educourse", "description": "coding manja", "requirements": "jago", "is_active": true, "created_at": "2026-03-07T15:38:18.733Z"}}, {"model": "core_app.application", "pk": 1, "fields": {"student": 1, "vacancy": 1, "cover_letter": null, "status": "pending", "applied_at": "2026-02-20T20:38:03.992Z"}}, {"model": "core_app.application", "pk": 2, "fields": {"student": 2, "vacancy": 1, "cover_letter": null, "status": "pending", "applied_at": "2026-03-05T19:05:14.780Z"}}, {"model": "core_app.application", "pk": 3, "fields": {"student": 10, "vacancy": 1, "cover_letter": null, "status": "pending", "applied_at": "2026-03-05T19:32:58.497Z"}}, {"model": "core_app.application", "pk": 4, "fields": {"student": 10, "vacancy": 2, "cover_letter": null, "status": "pending", "applied_at": "2026-03-05T19:33:14.678Z"}}, {"model": "core_app.application", "pk": 5, "fields": {"student": 10, "vacancy": 2, "cover_letter": null, "status": "pending", "applied_at": "2026-03-05T19:33:21.522Z"}}, {"model": "core_app.application", "pk": 6, "fields": {"student": 10, "vacancy": 1, "cover_letter": null, "status": "pending", "applied_at": "2026-03-05T19:35:36.665Z"}}, {"model": "core_app.application", "pk": 7, "fields": {"student": 10, "vacancy": 1, "cover_letter": null, "status": "pending", "applied_at": "2026-03-05T19:41:29.126Z"}}, {"model": "core_app.application", "pk": 8, "fields": {"student": 10, "vacancy": 3, "cover_letter": "", "status": "reviewed", "applied_at": "2026-03-07T15:41:14.225Z"}}, {"model": "core_app.placement", "pk": 1, "fields": {"student": 1, "company_name": "sinarmas", "company_address": "bsd city", "business_sector": "teknologi", "position": "app developer", "start_date": "2026-02-21", "end_date": "2026-04-21", "supervisor_name": "dimasss", "supervisor_email": "dimas@gmail.com", "supervisor_phone": "08123456789", "acceptance_letter": "dokumen_placement/20230327_142601.jpg", "status": "pending", "created_at": "2026-02-20T18:09:13.923Z", "is_approved": true}}, {"model": "core_app.placement", "pk": 2, "fields": {"student": 3, "company_name": "apple app developer", "company_address": "silicon valley", "business_sector": "teknologi", "position": "app dev", "start_date": "2026-02-23", "end_date": "2026-04-23", "supervisor_name": "sigit", "supervisor_email": "sigit@gmail.com", "supervisor_phone": "0812345678912", "acceptance_letter": "dokumen_placement/Atom_Pro63_MK912_User_Manual_240425.pdf", "status": "pending", "created_at": "2026-02-23T15:58:39.789Z", "is_approved": true}}, {"model": "core_app.placement", "pk": 3, "fields": {"student": 5, "company_name": "PT IDstar Cipta Teknologi", "company_address": "bsd", "business_sector": "iIT", "position": "web dev", "start_date": "2026-03-11", "end_date": "2026-07-11", "supervisor_name": "kevin alex", "supervisor_email": "alex@gmail.com", "supervisor_phone": "081234567888", "acceptance_letter": "dokumen_placement/20251_UTS_Web_App_Development.pdf", "status": "pending", "created_at": "2026-03-03T16:54:01.253Z", "is_approved": false}}, {"model": "core_app.placement", "pk": 4, "fields": {"student": 6, "company_name": "Karuna Baruna Nusantara Internasional (KBNI Group)", "company_address": "bsd", "business_sector": "IT", "position": "software Development Service", "start_date": "2026-03-07", "end_date": "2026-08-07", "supervisor_name": "sigit", "supervisor_email": "sigit@gmail.com", "supervisor_phone": "081234567777", "acceptance_letter": "dokumen_placement/WhatsApp_Image_2026-01-22_at_16.15.36.jpeg", "status": "pending", "created_at": "2026-03-03T17:12:47.032Z", "is_approved": false}}, {"model": "core_app.placement", "pk": 5, "fields": {"student": 8, "company_name": "apple batam", "company_address": "batam", "business_sector": "IT", "position": "app dev", "start_date": "2026-03-05", "end_date": "2026-07-04", "supervisor_name": "aziz", "supervisor_email": "aziz@gmail.com", "supervisor_phone": "08123445557899", "acceptance_letter": "dokumen_placement/WhatsApp_Image_2026-01-22_at_16_v58yJF1.15.36.jpeg", "status": "pending", "created_at": "2026-03-03T18:25:45.066Z", "is_approved": true}}, {"model": "core_app.placement", "pk": 6, "fields": {"student": 7, "company_name": "Bobi Corps", "company_address": "BSD", "business_sector": "IT", "position": "ui/ux designer", "start_date": "2026-03-06", "end_date": "2026-05-06", "supervisor_name": "BOBI", "supervisor_email": "demikim23@gmail.com", "supervisor_phone": "087263646596060", "acceptance_letter": "dokumen_placement/WhatsApp_Image_2026-01-22_at_16_zb3cCLO.15.36.jpeg", "status": "pending", "created_at": "2026-03-05T18:15:27.969Z", "is_approved": false}}, {"model": "core_app.monthlyreport", "pk": 1, "fields": {"student": 1, "placement": 1, "report_month": "bulan 1 - maret", "company_profile": "perusahaan IT", "job_description": "system management", "work_environment": "damai", "useful_courses": "angular", "new_skills": "mental", "submitted_at": "2026-02-20T18:29:08.200Z"}}, {"model": "core_app.finalreport", "pk": 1, "fields": {"student": 1, "placement": 1, "report_file": "laporan_akhir/draft_sempro.pdf", "description": "oke", "submitted_at": "2026-02-20T18:47:22.822Z"}}, {"model": "core_app.certificate", "pk": 2, "fields": {"student": 1, "placement": 1, "grade": "a", "issued_date": "2026-02-23", "certificate_file": ""}}, {"model": "core_app.certificate", "pk": 3, "fields": {"student": 3, "placement": 2, "grade": "b", "issued_date": "2026-02-26", "certificate_file": ""}}, {"model": "core_app.supervisorevaluation", "pk": 1, "fields": {"placement": 1, "eval_type": "UTS", "is_filled": true, "score": 90, "feedback": "pertahankan", "created_at": "2026-02-20T20:48:51.485Z"}}, {"model": "core_app.supervisorevaluation", "pk": 2, "fields": {"placement": 1, "eval_type": "UAS", "is_filled": true, "score": 100, "feedback": "nice", "created_at": "2026-02-23T15:43:04.901Z"}}, {"model": "core_app.supervisorevaluation", "pk": 5, "fields": {"placement": 2, "eval_type": "UTS", "is_filled": true, "score": null, "feedback": "", "created_at": "2026-02-23T16:08:55.636Z"}}, {"model": "core_app.supervisorevaluation", "pk": 6, "fields": {"placement": 2, "eval_type": "UTS", "is_filled": true, "score": 90, "feedback": "OK", "created_at": "2026-02-23T16:09:45.221Z"}}, {"model": "core_app.supervisorevaluation", "pk": 7, "fields": {"placement": 2, "eval_type": "UAS", "is_filled": true, "score": 90, "feedback": "ok", "created_at": "2026-02-23T16:17:36.901Z"}}, {"model": "core_app.supervisorevaluation", "pk": 8, "fields": {"placement": 5, "eval_type": "UTS", "is_filled": false, "score": null, "feedback": null, "created_at": "2026-03-05T17:30:53.877Z"}}, {"model": "core_app.supervisorevaluation", "pk": 9, "fields": {"placement": 6, "eval_type": "UTS", "is_filled": false, "score": null, "feedback": null, "created_at": "2026-03-05T18:17:42.634Z"}}, {"model": "core_app.supervisorevaluation", "pk": 10, "fields": {"placement": 5, "eval_type": "UAS", "is_filled": false, "score": null, "feedback": null, "created_at": "2026-03-07T16:02:23.049Z"}}, {"model": "core_app.supervisorevaluation", "pk": 11, "fields": {"placement": 5, "eval_type": "UAS", "is_filled": false, "score": null, "feedback": null, "created_at": "2026-03-07T16:02:27.606Z"}}, {"model": "core_app.documenttemplate", "pk": 1, "fields": {"uts_template": "templates_doc/Template_DBT_TA-Project_Capstone_BujAG2E.docx", "uas_template": "templates_doc/Template_DBT_TA-Project_Capstone_tK1eWS5.docx", "updated_at": "2026-03-03T16:28:38.894Z"}}, {"model": "core_app.weeklyhuntreport", "pk": 1, "fields": {"student": 7, "week_number": "1", "companies_applied": "prasmul", "challenges": "minimum", "next_plan": "gatau", "submitted_at": "2026-03-04T18:39:03.864Z"}}]
